Date,Temp_Max_C,Rainfall_mm,District
2024-01-01,21.28,0.0,Kurukshetra
2024-01-02,20.84,0.0,Kurukshetra
2024-01-03,20.87,0.0,Kurukshetra
2024-01-04,18.05,0.0,Kurukshetra
2024-01-05,20.1,0.0,Kurukshetra
2024-01-06,19.97,0.0,Kurukshetra
2024-01-07,19.76,0.0,Kurukshetra
2024-01-08,21.53,0.0,Kurukshetra
2024-01-09,20.92,0.0,Kurukshetra
2024-01-10,21.39,0.0,Kurukshetra
2024-01-11,19.94,0.0,Kurukshetra
2024-01-12,20.94,0.0,Kurukshetra
2024-01-13,21.04,0.0,Kurukshetra
2024-01-14,20.89,0.0,Kurukshetra
2024-01-15,20.28,0.0,Kurukshetra
2024-01-16,20.74,0.0,Kurukshetra
2024-01-17,20.15,0.0,Kurukshetra
2024-01-18,19.4,0.0,Kurukshetra
2024-01-19,21.49,0.0,Kurukshetra
2024-01-20,19.42,0.0,Kurukshetra
2024-01-21,19.37,0.0,Kurukshetra
2024-01-22,18.73,0.0,Kurukshetra
2024-01-23,20.71,0.0,Kurukshetra
2024-01-24,20.29,0.0,Kurukshetra
2024-01-25,20.53,0.0,Kurukshetra
2024-01-26,22.51,0.0,Kurukshetra
2024-01-27,23.4,0.0,Kurukshetra
2024-01-28,22.67,0.0,Kurukshetra
2024-01-29,23.03,0.0,Kurukshetra
2024-01-30,22.21,0.0,Kurukshetra
2024-01-31,22.1,0.98,Kurukshetra
2024-02-01,18.22,14.26,Kurukshetra
2024-02-02,21.44,0.08,Kurukshetra
2024-02-03,24.18,0.91,Kurukshetra
2024-02-04,20.74,8.82,Kurukshetra
2024-02-05,20.81,1.05,Kurukshetra
2024-02-06,19.66,0.02,Kurukshetra
2024-02-07,20.31,0.0,Kurukshetra
2024-02-08,21.71,0.0,Kurukshetra
2024-02-09,23.61,0.0,Kurukshetra
2024-02-10,23.4,0.0,Kurukshetra
2024-02-11,24.8,0.0,Kurukshetra
2024-02-12,23.49,0.0,Kurukshetra
2024-02-13,24.83,0.0,Kurukshetra
2024-02-14,25.13,0.0,Kurukshetra
2024-02-15,26.0,0.0,Kurukshetra
2024-02-16,26.44,0.0,Kurukshetra
2024-02-17,25.54,0.0,Kurukshetra
2024-02-18,24.58,0.0,Kurukshetra
2024-02-19,26.97,3.8,Kurukshetra
2024-02-20,26.32,0.27,Kurukshetra
2024-02-21,25.22,0.0,Kurukshetra
2024-02-22,24.9,0.0,Kurukshetra
2024-02-23,23.66,0.0,Kurukshetra
2024-02-24,23.42,0.0,Kurukshetra
2024-02-25,24.35,0.0,Kurukshetra
2024-02-26,23.67,0.0,Kurukshetra
2024-02-27,19.47,0.01,Kurukshetra
2024-02-28,26.09,0.0,Kurukshetra
2024-02-29,27.17,0.0,Kurukshetra
2024-03-01,28.78,2.34,Kurukshetra
2024-03-02,24.47,21.9,Kurukshetra
2024-03-03,22.01,13.53,Kurukshetra
2024-03-04,22.41,1.57,Kurukshetra
2024-03-05,21.12,0.0,Kurukshetra
2024-03-06,23.94,0.0,Kurukshetra
2024-03-07,25.96,0.0,Kurukshetra
2024-03-08,26.31,0.0,Kurukshetra
2024-03-09,28.07,0.0,Kurukshetra
2024-03-10,28.69,0.0,Kurukshetra
2024-03-11,30.56,0.0,Kurukshetra
2024-03-12,29.79,0.17,Kurukshetra
2024-03-13,29.55,0.12,Kurukshetra
2024-03-14,29.09,0.02,Kurukshetra
2024-03-15,30.44,0.0,Kurukshetra
2024-03-16,30.54,0.0,Kurukshetra
2024-03-17,31.56,0.0,Kurukshetra
2024-03-18,31.94,0.0,Kurukshetra
2024-03-19,31.51,0.01,Kurukshetra
2024-03-20,34.1,0.01,Kurukshetra
2024-03-21,29.24,0.0,Kurukshetra
2024-03-22,33.1,0.0,Kurukshetra
2024-03-23,34.9,0.0,Kurukshetra
2024-03-24,30.59,0.01,Kurukshetra
2024-03-25,33.44,0.0,Kurukshetra
2024-03-26,36.05,0.0,Kurukshetra
2024-03-27,35.96,0.0,Kurukshetra
2024-03-28,36.72,0.0,Kurukshetra
2024-03-29,37.58,1.73,Kurukshetra
2024-03-30,35.7,2.81,Kurukshetra
2024-03-31,35.04,0.06,Kurukshetra
2024-04-01,30.66,0.02,Kurukshetra
2024-04-02,33.52,0.0,Kurukshetra
2024-04-03,36.6,0.0,Kurukshetra
2024-04-04,36.06,0.01,Kurukshetra
2024-04-05,36.15,0.0,Kurukshetra
2024-04-06,35.14,0.0,Kurukshetra
2024-04-07,36.21,0.0,Kurukshetra
2024-04-08,36.47,0.0,Kurukshetra
2024-04-09,37.28,0.0,Kurukshetra
2024-04-10,38.1,0.0,Kurukshetra
2024-04-11,37.03,0.0,Kurukshetra
2024-04-12,38.8,0.0,Kurukshetra
2024-04-13,38.21,0.12,Kurukshetra
2024-04-14,32.1,0.93,Kurukshetra
2024-04-15,35.0,0.13,Kurukshetra
2024-04-16,36.51,0.0,Kurukshetra
2024-04-17,35.45,0.0,Kurukshetra
2024-04-18,37.45,0.12,Kurukshetra
2024-04-19,39.38,3.04,Kurukshetra
2024-04-20,36.03,1.24,Kurukshetra
2024-04-21,36.91,0.0,Kurukshetra
2024-04-22,37.76,0.03,Kurukshetra
2024-04-23,38.26,0.1,Kurukshetra
2024-04-24,36.8,1.96,Kurukshetra
2024-04-25,39.0,0.0,Kurukshetra
2024-04-26,40.85,0.87,Kurukshetra
2024-04-27,39.31,1.69,Kurukshetra
2024-04-28,37.21,1.94,Kurukshetra
2024-04-29,38.8,0.19,Kurukshetra
2024-04-30,37.25,0.0,Kurukshetra
2024-05-01,33.45,0.0,Kurukshetra
2024-05-02,37.24,0.0,Kurukshetra
2024-05-03,38.6,0.0,Kurukshetra
2024-05-04,42.33,0.0,Kurukshetra
2024-05-05,41.98,0.0,Kurukshetra
2024-05-06,41.92,0.0,Kurukshetra
2024-05-07,43.35,0.0,Kurukshetra
2024-05-08,41.6,0.0,Kurukshetra
2024-05-09,39.85,0.0,Kurukshetra
2024-05-10,41.08,0.16,Kurukshetra
2024-05-11,41.34,0.83,Kurukshetra
2024-05-12,40.9,0.45,Kurukshetra
2024-05-13,40.82,2.76,Kurukshetra
2024-05-14,41.31,0.0,Kurukshetra
2024-05-15,42.7,0.0,Kurukshetra
2024-05-16,43.99,0.04,Kurukshetra
2024-05-17,46.05,0.0,Kurukshetra
2024-05-18,45.85,0.03,Kurukshetra
2024-05-19,46.03,0.04,Kurukshetra
2024-05-20,46.1,0.06,Kurukshetra
2024-05-21,44.83,0.1,Kurukshetra
2024-05-22,44.65,0.01,Kurukshetra
2024-05-23,42.9,0.15,Kurukshetra
2024-05-24,42.91,0.15,Kurukshetra
2024-05-25,45.64,0.0,Kurukshetra
2024-05-26,47.24,0.02,Kurukshetra
2024-05-27,47.51,0.0,Kurukshetra
2024-05-28,47.67,0.0,Kurukshetra
2024-05-29,47.65,0.0,Kurukshetra
2024-05-30,47.79,0.0,Kurukshetra
2024-05-31,47.61,0.34,Kurukshetra
2024-06-01,46.46,0.0,Kurukshetra
2024-06-02,44.95,3.25,Kurukshetra
2024-06-03,45.53,0.01,Kurukshetra
2024-06-04,45.59,0.07,Kurukshetra
2024-06-05,45.62,0.12,Kurukshetra
2024-06-06,42.44,2.81,Kurukshetra
2024-06-07,43.35,0.02,Kurukshetra
2024-06-08,42.12,0.0,Kurukshetra
2024-06-09,43.76,0.0,Kurukshetra
2024-06-10,44.85,0.0,Kurukshetra
2024-06-11,45.5,0.0,Kurukshetra
2024-06-12,46.42,0.0,Kurukshetra
2024-06-13,46.91,0.0,Kurukshetra
2024-06-14,46.76,0.0,Kurukshetra
2024-06-15,47.2,0.0,Kurukshetra
2024-06-16,47.21,0.0,Kurukshetra
2024-06-17,47.56,0.0,Kurukshetra
2024-06-18,46.73,0.0,Kurukshetra
2024-06-19,47.09,1.61,Kurukshetra
2024-06-20,41.73,13.35,Kurukshetra
2024-06-21,41.04,2.67,Kurukshetra
2024-06-22,41.49,0.04,Kurukshetra
2024-06-23,42.18,0.57,Kurukshetra
2024-06-24,41.39,3.45,Kurukshetra
2024-06-25,42.68,0.57,Kurukshetra
2024-06-26,42.34,3.98,Kurukshetra
2024-06-27,38.04,7.07,Kurukshetra
2024-06-28,39.89,1.65,Kurukshetra
2024-06-29,39.69,8.33,Kurukshetra
2024-06-30,40.66,5.36,Kurukshetra
2024-07-01,41.47,1.94,Kurukshetra
2024-07-02,38.99,29.0,Kurukshetra
2024-07-03,35.13,4.38,Kurukshetra
2024-07-04,33.61,17.08,Kurukshetra
2024-07-05,37.74,17.94,Kurukshetra
2024-07-06,35.19,19.14,Kurukshetra
2024-07-07,36.93,6.73,Kurukshetra
2024-07-08,37.02,9.59,Kurukshetra
2024-07-09,36.78,1.02,Kurukshetra
2024-07-10,37.91,7.58,Kurukshetra
2024-07-11,40.62,2.72,Kurukshetra
2024-07-12,40.14,0.38,Kurukshetra
2024-07-13,38.66,1.99,Kurukshetra
2024-07-14,39.83,0.57,Kurukshetra
2024-07-15,38.56,2.47,Kurukshetra
2024-07-16,37.73,10.19,Kurukshetra
2024-07-17,34.74,12.28,Kurukshetra
2024-07-18,38.56,7.1,Kurukshetra
2024-07-19,38.43,6.58,Kurukshetra
2024-07-20,37.3,1.09,Kurukshetra
2024-07-21,38.15,9.65,Kurukshetra
2024-07-22,36.41,11.42,Kurukshetra
2024-07-23,35.44,12.92,Kurukshetra
2024-07-24,32.58,42.6,Kurukshetra
2024-07-25,30.96,5.57,Kurukshetra
2024-07-26,36.2,9.51,Kurukshetra
2024-07-27,34.03,15.52,Kurukshetra
2024-07-28,37.21,6.22,Kurukshetra
2024-07-29,34.66,14.35,Kurukshetra
2024-07-30,34.78,12.2,Kurukshetra
2024-07-31,36.19,15.62,Kurukshetra
2024-08-01,29.2,61.17,Kurukshetra
2024-08-02,33.25,5.0,Kurukshetra
2024-08-03,31.73,3.8,Kurukshetra
2024-08-04,33.58,4.38,Kurukshetra
2024-08-05,33.48,1.29,Kurukshetra
2024-08-06,32.68,2.35,Kurukshetra
2024-08-07,29.98,12.57,Kurukshetra
2024-08-08,31.56,3.3,Kurukshetra
2024-08-09,32.23,17.56,Kurukshetra
2024-08-10,31.52,10.88,Kurukshetra
2024-08-11,29.81,43.82,Kurukshetra
2024-08-12,31.53,13.34,Kurukshetra
2024-08-13,31.66,7.24,Kurukshetra
2024-08-14,33.37,6.45,Kurukshetra
2024-08-15,31.9,5.48,Kurukshetra
2024-08-16,31.85,5.97,Kurukshetra
2024-08-17,30.71,12.13,Kurukshetra
2024-08-18,32.74,2.42,Kurukshetra
2024-08-19,30.64,8.74,Kurukshetra
2024-08-20,32.57,14.1,Kurukshetra
2024-08-21,32.83,12.02,Kurukshetra
2024-08-22,32.31,4.84,Kurukshetra
2024-08-23,32.71,5.52,Kurukshetra
2024-08-24,31.73,1.91,Kurukshetra
2024-08-25,32.34,1.23,Kurukshetra
2024-08-26,32.6,10.85,Kurukshetra
2024-08-27,30.96,13.12,Kurukshetra
2024-08-28,31.01,11.1,Kurukshetra
2024-08-29,29.6,20.98,Kurukshetra
2024-08-30,31.83,3.52,Kurukshetra
2024-08-31,32.35,0.03,Kurukshetra
2024-09-01,33.19,1.8,Kurukshetra
2024-09-02,30.31,16.61,Kurukshetra
2024-09-03,31.31,12.9,Kurukshetra
2024-09-04,31.21,40.19,Kurukshetra
2024-09-05,31.61,0.48,Kurukshetra
2024-09-06,31.63,6.64,Kurukshetra
2024-09-07,30.76,6.73,Kurukshetra
2024-09-08,32.9,6.75,Kurukshetra
2024-09-09,31.93,3.15,Kurukshetra
2024-09-10,32.89,10.3,Kurukshetra
2024-09-11,33.1,3.45,Kurukshetra
2024-09-12,28.98,8.91,Kurukshetra
2024-09-13,28.11,21.95,Kurukshetra
2024-09-14,30.54,18.42,Kurukshetra
2024-09-15,30.97,10.49,Kurukshetra
2024-09-16,30.8,0.0,Kurukshetra
2024-09-17,32.22,0.53,Kurukshetra
2024-09-18,31.45,5.3,Kurukshetra
2024-09-19,31.86,0.51,Kurukshetra
2024-09-20,33.04,0.08,Kurukshetra
2024-09-21,32.66,0.0,Kurukshetra
2024-09-22,32.54,0.0,Kurukshetra
2024-09-23,33.11,0.0,Kurukshetra
2024-09-24,34.27,0.07,Kurukshetra
2024-09-25,32.86,4.51,Kurukshetra
2024-09-26,29.61,20.58,Kurukshetra
2024-09-27,31.32,8.92,Kurukshetra
2024-09-28,30.99,0.76,Kurukshetra
2024-09-29,31.71,0.0,Kurukshetra
2024-09-30,31.09,0.0,Kurukshetra
2024-10-01,31.76,0.0,Kurukshetra
2024-10-02,32.63,0.0,Kurukshetra
2024-10-03,33.15,0.0,Kurukshetra
2024-10-04,32.98,0.0,Kurukshetra
2024-10-05,32.62,0.34,Kurukshetra
2024-10-06,31.59,1.57,Kurukshetra
2024-10-07,32.03,0.0,Kurukshetra
2024-10-08,31.58,0.01,Kurukshetra
2024-10-09,31.32,0.0,Kurukshetra
2024-10-10,31.56,0.0,Kurukshetra
2024-10-11,31.5,0.0,Kurukshetra
2024-10-12,32.24,0.0,Kurukshetra
2024-10-13,31.79,0.0,Kurukshetra
2024-10-14,31.31,0.0,Kurukshetra
2024-10-15,31.77,1.13,Kurukshetra
2024-10-16,32.38,0.0,Kurukshetra
2024-10-17,32.27,0.0,Kurukshetra
2024-10-18,32.29,0.0,Kurukshetra
2024-10-19,30.68,0.0,Kurukshetra
2024-10-20,29.76,0.0,Kurukshetra
2024-10-21,29.89,0.0,Kurukshetra
2024-10-22,30.82,0.0,Kurukshetra
2024-10-23,32.12,0.0,Kurukshetra
2024-10-24,32.52,0.0,Kurukshetra
2024-10-25,32.59,0.0,Kurukshetra
2024-10-26,31.82,0.0,Kurukshetra
2024-10-27,30.82,0.0,Kurukshetra
2024-10-28,30.49,0.0,Kurukshetra
2024-10-29,31.75,0.0,Kurukshetra
2024-10-30,33.31,0.0,Kurukshetra
2024-10-31,32.54,0.0,Kurukshetra
2024-11-01,31.74,0.0,Kurukshetra
2024-11-02,31.03,0.0,Kurukshetra
2024-11-03,30.53,0.0,Kurukshetra
2024-11-04,30.28,0.0,Kurukshetra
2024-11-05,29.72,0.0,Kurukshetra
2024-11-06,29.9,0.0,Kurukshetra
2024-11-07,29.59,0.0,Kurukshetra
2024-11-08,29.42,0.0,Kurukshetra
2024-11-09,28.74,0.0,Kurukshetra
2024-11-10,28.62,0.0,Kurukshetra
2024-11-11,28.82,0.0,Kurukshetra
2024-11-12,30.26,0.0,Kurukshetra
2024-11-13,29.24,0.0,Kurukshetra
2024-11-14,27.91,0.0,Kurukshetra
2024-11-15,27.67,0.0,Kurukshetra
2024-11-16,27.68,0.0,Kurukshetra
2024-11-17,27.24,0.0,Kurukshetra
2024-11-18,27.17,0.0,Kurukshetra
2024-11-19,26.57,0.0,Kurukshetra
2024-11-20,26.16,0.0,Kurukshetra
2024-11-21,26.37,0.0,Kurukshetra
2024-11-22,26.05,0.0,Kurukshetra
2024-11-23,24.72,0.0,Kurukshetra
2024-11-24,27.25,0.0,Kurukshetra
2024-11-25,25.47,0.0,Kurukshetra
2024-11-26,26.11,0.0,Kurukshetra
2024-11-27,24.94,0.0,Kurukshetra
2024-11-28,25.75,0.0,Kurukshetra
2024-11-29,25.37,0.0,Kurukshetra
2024-11-30,25.15,0.0,Kurukshetra
2024-12-01,25.68,0.0,Kurukshetra
2024-12-02,26.51,0.0,Kurukshetra
2024-12-03,27.12,0.0,Kurukshetra
2024-12-04,25.9,0.0,Kurukshetra
2024-12-05,24.25,0.0,Kurukshetra
2024-12-06,24.04,0.0,Kurukshetra
2024-12-07,21.91,0.0,Kurukshetra
2024-12-08,21.94,0.25,Kurukshetra
2024-12-09,19.81,3.24,Kurukshetra
2024-12-10,21.36,0.0,Kurukshetra
2024-12-11,22.37,0.0,Kurukshetra
2024-12-12,20.64,0.0,Kurukshetra
2024-12-13,22.42,0.0,Kurukshetra
2024-12-14,22.54,0.0,Kurukshetra
2024-12-15,21.32,0.0,Kurukshetra
2024-12-16,21.84,0.0,Kurukshetra
2024-12-17,22.12,0.0,Kurukshetra
2024-12-18,22.09,0.0,Kurukshetra
2024-12-19,20.98,0.0,Kurukshetra
2024-12-20,22.91,0.0,Kurukshetra
2024-12-21,21.96,0.0,Kurukshetra
2024-12-22,23.09,0.0,Kurukshetra
2024-12-23,15.92,2.96,Kurukshetra
2024-12-24,20.31,0.57,Kurukshetra
2024-12-25,22.98,0.0,Kurukshetra
2024-12-26,23.57,0.0,Kurukshetra
2024-12-27,17.23,18.71,Kurukshetra
2024-12-28,16.73,9.8,Kurukshetra
2024-12-29,22.03,0.06,Kurukshetra
2024-12-30,20.82,0.0,Kurukshetra
2024-12-31,20.81,0.0,Kurukshetra
2025-01-01,21.91,0.0,Kurukshetra
2025-01-02,22.72,0.0,Kurukshetra
2025-01-03,23.8,0.0,Kurukshetra
2025-01-04,27.26,0.0,Kurukshetra
2025-01-05,23.17,0.0,Kurukshetra
2025-01-06,21.11,0.15,Kurukshetra
2025-01-07,21.2,0.14,Kurukshetra
2025-01-08,21.91,0.0,Kurukshetra
2025-01-09,21.64,0.0,Kurukshetra
2025-01-10,21.17,0.0,Kurukshetra
2025-01-11,16.91,7.24,Kurukshetra
2025-01-12,17.35,3.17,Kurukshetra
2025-01-13,21.74,0.0,Kurukshetra
2025-01-14,22.02,0.0,Kurukshetra
2025-01-15,21.46,0.0,Kurukshetra
2025-01-16,17.29,1.72,Kurukshetra
2025-01-17,22.03,0.0,Kurukshetra
2025-01-18,19.48,0.0,Kurukshetra
2025-01-19,23.22,0.0,Kurukshetra
2025-01-20,24.03,0.0,Kurukshetra
2025-01-21,24.09,0.0,Kurukshetra
2025-01-22,24.51,0.01,Kurukshetra
2025-01-23,23.99,0.0,Kurukshetra
2025-01-24,23.84,0.0,Kurukshetra
2025-01-25,24.45,0.0,Kurukshetra
2025-01-26,23.9,0.0,Kurukshetra
2025-01-27,23.39,0.0,Kurukshetra
2025-01-28,24.44,0.0,Kurukshetra
2025-01-29,23.57,0.0,Kurukshetra
2025-01-30,24.98,0.0,Kurukshetra
2025-01-31,23.72,0.0,Kurukshetra
2025-02-01,24.75,0.0,Kurukshetra
2025-02-02,25.3,0.0,Kurukshetra
2025-02-03,25.17,0.0,Kurukshetra
2025-02-04,21.21,1.6,Kurukshetra
2025-02-05,22.68,0.13,Kurukshetra
2025-02-06,22.57,0.0,Kurukshetra
2025-02-07,23.77,0.0,Kurukshetra
2025-02-08,25.36,0.0,Kurukshetra
2025-02-09,26.83,0.0,Kurukshetra
2025-02-10,27.29,0.0,Kurukshetra
2025-02-11,27.85,0.0,Kurukshetra
2025-02-12,25.43,0.0,Kurukshetra
2025-02-13,25.48,0.0,Kurukshetra
2025-02-14,26.85,0.0,Kurukshetra
2025-02-15,22.53,0.12,Kurukshetra
2025-02-16,27.04,0.0,Kurukshetra
2025-02-17,28.77,0.0,Kurukshetra
2025-02-18,28.88,0.0,Kurukshetra
2025-02-19,28.72,0.82,Kurukshetra
2025-02-20,25.67,7.56,Kurukshetra
2025-02-21,25.6,0.11,Kurukshetra
2025-02-22,25.6,0.05,Kurukshetra
2025-02-23,27.21,0.03,Kurukshetra
2025-02-24,27.8,0.0,Kurukshetra
2025-02-25,28.04,0.0,Kurukshetra
2025-02-26,27.73,0.15,Kurukshetra
2025-02-27,24.28,4.57,Kurukshetra
2025-02-28,19.88,23.36,Kurukshetra
2025-03-01,25.98,0.77,Kurukshetra
2025-03-02,27.4,0.0,Kurukshetra
2025-03-03,28.65,0.64,Kurukshetra
2025-03-04,26.99,0.45,Kurukshetra
2025-03-05,25.58,0.28,Kurukshetra
2025-03-06,28.35,0.0,Kurukshetra
2025-03-07,29.56,0.0,Kurukshetra
2025-03-08,30.68,0.0,Kurukshetra
2025-03-09,31.65,0.0,Kurukshetra
2025-03-10,31.4,0.0,Kurukshetra
2025-03-11,33.59,0.0,Kurukshetra
2025-03-12,32.83,0.0,Kurukshetra
2025-03-13,33.55,0.0,Kurukshetra
2025-03-14,33.55,1.47,Kurukshetra
2025-03-15,31.09,3.84,Kurukshetra
2025-03-16,31.01,0.96,Kurukshetra
2025-03-17,29.73,0.02,Kurukshetra
2025-03-18,31.83,0.0,Kurukshetra
2025-03-19,33.41,0.0,Kurukshetra
2025-03-20,34.06,0.0,Kurukshetra
2025-03-21,32.99,0.0,Kurukshetra
2025-03-22,32.23,0.0,Kurukshetra
2025-03-23,33.98,0.0,Kurukshetra
2025-03-24,34.27,0.0,Kurukshetra
2025-03-25,36.3,0.0,Kurukshetra
2025-03-26,38.04,0.0,Kurukshetra
2025-03-27,37.36,0.0,Kurukshetra
2025-03-28,34.15,0.0,Kurukshetra
2025-03-29,31.86,0.0,Kurukshetra
2025-03-30,34.18,0.0,Kurukshetra
2025-03-31,35.75,0.0,Kurukshetra
2025-04-01,35.33,0.0,Kurukshetra
2025-04-02,36.93,0.0,Kurukshetra
2025-04-03,37.78,0.0,Kurukshetra
2025-04-04,37.44,0.0,Kurukshetra
2025-04-05,37.53,0.0,Kurukshetra
2025-04-06,38.98,0.0,Kurukshetra
2025-04-07,40.03,0.0,Kurukshetra
2025-04-08,39.64,0.0,Kurukshetra
2025-04-09,40.37,0.1,Kurukshetra
2025-04-10,39.14,0.67,Kurukshetra
2025-04-11,37.23,3.08,Kurukshetra
2025-04-12,33.94,5.45,Kurukshetra
2025-04-13,37.11,0.0,Kurukshetra
2025-04-14,37.77,0.0,Kurukshetra
2025-04-15,37.28,0.0,Kurukshetra
2025-04-16,38.46,0.61,Kurukshetra
2025-04-17,40.1,2.18,Kurukshetra
2025-04-18,40.95,0.03,Kurukshetra
2025-04-19,40.81,1.3,Kurukshetra
2025-04-20,40.34,0.06,Kurukshetra
2025-04-21,41.16,0.12,Kurukshetra
2025-04-22,41.61,0.04,Kurukshetra
2025-04-23,40.98,0.0,Kurukshetra
2025-04-24,41.83,0.0,Kurukshetra
2025-04-25,42.89,0.0,Kurukshetra
2025-04-26,43.64,0.0,Kurukshetra
2025-04-27,42.45,0.0,Kurukshetra
2025-04-28,42.16,0.0,Kurukshetra
2025-04-29,38.72,0.0,Kurukshetra
2025-04-30,39.03,0.0,Kurukshetra
2025-05-01,38.56,0.78,Kurukshetra
2025-05-02,31.9,11.88,Kurukshetra
2025-05-03,37.86,0.1,Kurukshetra
2025-05-04,36.39,3.17,Kurukshetra
2025-05-05,35.08,17.05,Kurukshetra
2025-05-06,36.02,3.2,Kurukshetra
2025-05-07,36.76,3.11,Kurukshetra
2025-05-08,37.03,4.18,Kurukshetra
2025-05-09,38.55,0.52,Kurukshetra
2025-05-10,37.19,12.52,Kurukshetra
2025-05-11,40.06,0.17,Kurukshetra
2025-05-12,40.47,0.12,Kurukshetra
2025-05-13,41.47,0.2,Kurukshetra
2025-05-14,42.09,0.14,Kurukshetra
2025-05-15,43.4,0.0,Kurukshetra
2025-05-16,43.11,0.59,Kurukshetra
2025-05-17,43.25,0.18,Kurukshetra
2025-05-18,41.73,0.07,Kurukshetra
2025-05-19,41.75,0.12,Kurukshetra
2025-05-20,42.85,0.05,Kurukshetra
2025-05-21,42.6,1.61,Kurukshetra
2025-05-22,37.06,8.52,Kurukshetra
2025-05-23,40.07,0.0,Kurukshetra
2025-05-24,38.99,5.35,Kurukshetra
2025-05-25,33.88,20.86,Kurukshetra
2025-05-26,38.57,0.26,Kurukshetra
2025-05-27,39.57,1.03,Kurukshetra
2025-05-28,40.07,1.9,Kurukshetra
2025-05-29,41.66,0.78,Kurukshetra
2025-05-30,38.62,3.64,Kurukshetra
2025-05-31,40.99,0.01,Kurukshetra
2025-06-01,40.11,4.18,Kurukshetra
2025-06-02,38.39,0.51,Kurukshetra
2025-06-03,37.09,3.79,Kurukshetra
2025-06-04,36.52,4.77,Kurukshetra
2025-06-05,38.21,0.04,Kurukshetra
2025-06-06,39.66,0.08,Kurukshetra
2025-06-07,41.06,0.0,Kurukshetra
2025-06-08,44.08,0.0,Kurukshetra
2025-06-09,44.72,0.0,Kurukshetra
2025-06-10,44.94,0.0,Kurukshetra
2025-06-11,45.02,0.19,Kurukshetra
2025-06-12,43.59,0.84,Kurukshetra
2025-06-13,41.45,2.77,Kurukshetra
2025-06-14,43.42,0.31,Kurukshetra
2025-06-15,40.96,2.56,Kurukshetra
2025-06-16,36.3,13.65,Kurukshetra
2025-06-17,34.49,6.3,Kurukshetra
2025-06-18,36.8,6.13,Kurukshetra
2025-06-19,39.54,1.29,Kurukshetra
2025-06-20,38.98,2.03,Kurukshetra
2025-06-21,38.74,1.15,Kurukshetra
2025-06-22,37.63,1.34,Kurukshetra
2025-06-23,39.72,3.51,Kurukshetra
2025-06-24,36.52,18.19,Kurukshetra
2025-06-25,35.44,13.5,Kurukshetra
2025-06-26,38.82,0.84,Kurukshetra
2025-06-27,37.52,15.5,Kurukshetra
2025-06-28,35.93,31.65,Kurukshetra
2025-06-29,35.49,27.35,Kurukshetra
2025-06-30,31.17,44.6,Kurukshetra
2025-07-01,28.9,13.63,Kurukshetra
2025-07-02,35.54,4.1,Kurukshetra
2025-07-03,34.26,5.04,Kurukshetra
2025-07-04,36.46,4.63,Kurukshetra
2025-07-05,36.78,7.79,Kurukshetra
2025-07-06,33.44,4.29,Kurukshetra
2025-07-07,31.64,9.02,Kurukshetra
2025-07-08,34.09,7.15,Kurukshetra
2025-07-09,35.26,12.47,Kurukshetra
2025-07-10,28.53,13.77,Kurukshetra
2025-07-11,30.0,2.3,Kurukshetra
2025-07-12,33.95,3.08,Kurukshetra
2025-07-13,32.73,11.22,Kurukshetra
2025-07-14,29.97,8.85,Kurukshetra
2025-07-15,33.18,1.25,Kurukshetra
2025-07-16,32.56,12.29,Kurukshetra
2025-07-17,30.87,1.22,Kurukshetra
2025-07-18,34.11,1.55,Kurukshetra
2025-07-19,33.6,0.26,Kurukshetra
2025-07-20,35.85,2.22,Kurukshetra
2025-07-21,29.19,15.26,Kurukshetra
2025-07-22,30.23,6.73,Kurukshetra
2025-07-23,33.59,12.07,Kurukshetra
2025-07-24,33.82,13.12,Kurukshetra
2025-07-25,34.09,5.4,Kurukshetra
2025-07-26,34.35,1.47,Kurukshetra
2025-07-27,34.89,2.72,Kurukshetra
2025-07-28,32.44,7.89,Kurukshetra
2025-07-29,29.77,12.39,Kurukshetra
2025-07-30,29.66,14.95,Kurukshetra
2025-07-31,31.1,34.1,Kurukshetra
2025-08-01,32.94,5.34,Kurukshetra
2025-08-02,32.14,9.38,Kurukshetra
2025-08-03,32.74,17.33,Kurukshetra
2025-08-04,33.5,15.95,Kurukshetra
2025-08-05,29.43,41.39,Kurukshetra
2025-08-06,32.29,6.75,Kurukshetra
2025-08-07,33.54,0.72,Kurukshetra
2025-08-08,34.11,8.77,Kurukshetra
2025-08-09,32.25,5.65,Kurukshetra
2025-08-10,32.58,1.88,Kurukshetra
2025-08-11,31.77,46.34,Kurukshetra
2025-08-12,31.91,5.65,Kurukshetra
2025-08-13,32.63,3.94,Kurukshetra
2025-08-14,29.25,22.17,Kurukshetra
2025-08-15,31.93,8.27,Kurukshetra
2025-08-16,30.76,4.25,Kurukshetra
2025-08-17,32.49,7.54,Kurukshetra
2025-08-18,31.45,12.84,Kurukshetra
2025-08-19,32.0,3.03,Kurukshetra
2025-08-20,30.99,12.61,Kurukshetra
2025-08-21,32.68,1.94,Kurukshetra
2025-08-22,33.55,3.22,Kurukshetra
2025-08-23,29.27,4.01,Kurukshetra
2025-08-24,31.93,3.24,Kurukshetra
2025-08-25,28.5,52.65,Kurukshetra
2025-08-26,30.23,6.5,Kurukshetra
2025-08-27,31.92,1.52,Kurukshetra
2025-08-28,32.82,3.63,Kurukshetra
2025-08-29,30.16,16.44,Kurukshetra
2025-08-30,30.87,15.49,Kurukshetra
2025-08-31,28.52,29.87,Kurukshetra
2025-09-01,27.43,23.85,Kurukshetra
2025-09-02,28.7,52.4,Kurukshetra
2025-09-03,29.32,14.88,Kurukshetra
2025-09-04,31.85,12.8,Kurukshetra
2025-09-05,31.15,7.11,Kurukshetra
2025-09-06,31.32,9.89,Kurukshetra
2025-09-07,30.72,5.6,Kurukshetra
2025-09-08,31.44,0.98,Kurukshetra
2025-09-09,31.52,1.4,Kurukshetra
2025-09-10,30.78,0.42,Kurukshetra
2025-09-11,30.6,0.21,Kurukshetra
2025-09-12,30.69,1.43,Kurukshetra
2025-09-13,29.95,13.8,Kurukshetra
2025-09-14,32.03,3.16,Kurukshetra
2025-09-15,31.39,4.78,Kurukshetra
2025-09-16,32.24,12.93,Kurukshetra
2025-09-17,31.97,9.0,Kurukshetra
2025-09-18,31.39,8.75,Kurukshetra
2025-09-19,32.05,5.91,Kurukshetra
2025-09-20,31.12,0.11,Kurukshetra
2025-09-21,31.29,0.0,Kurukshetra
2025-09-22,31.73,0.0,Kurukshetra
2025-09-23,31.18,0.0,Kurukshetra
2025-09-24,32.09,0.0,Kurukshetra
2025-09-25,32.07,0.0,Kurukshetra
2025-09-26,31.83,0.0,Kurukshetra
2025-09-27,32.72,0.0,Kurukshetra
2025-09-28,33.11,0.0,Kurukshetra
2025-09-29,32.91,0.44,Kurukshetra
2025-09-30,32.52,3.6,Kurukshetra
2025-10-01,31.39,0.18,Kurukshetra
2025-10-02,31.68,6.31,Kurukshetra
2025-10-03,30.69,0.89,Kurukshetra
2025-10-04,31.22,0.07,Kurukshetra
2025-10-05,31.04,0.61,Kurukshetra
2025-10-06,28.08,12.3,Kurukshetra
2025-10-07,26.19,11.15,Kurukshetra
2025-10-08,27.33,9.26,Kurukshetra
2025-10-09,27.9,0.13,Kurukshetra
2025-10-10,27.78,0.01,Kurukshetra
2025-10-11,28.55,0.0,Kurukshetra
2025-10-12,28.84,0.0,Kurukshetra
2025-10-13,29.26,0.0,Kurukshetra
2025-10-14,29.04,0.0,Kurukshetra
2025-10-15,29.07,0.0,Kurukshetra
2025-10-16,29.68,0.0,Kurukshetra
2025-10-17,30.23,0.0,Kurukshetra
2025-10-18,30.33,0.0,Kurukshetra
2025-10-19,30.71,0.0,Kurukshetra
2025-10-20,29.85,0.0,Kurukshetra
2025-10-21,30.36,0.0,Kurukshetra
2025-10-22,30.05,0.0,Kurukshetra
2025-10-23,29.69,0.28,Kurukshetra
2025-10-24,30.13,0.13,Kurukshetra
2025-10-25,29.04,0.0,Kurukshetra
2025-10-26,29.49,0.0,Kurukshetra
2025-10-27,29.7,0.0,Kurukshetra
2025-10-28,28.28,0.0,Kurukshetra
2025-10-29,29.22,0.0,Kurukshetra
2025-10-30,28.41,0.0,Kurukshetra
2025-10-31,29.37,0.0,Kurukshetra
2025-11-01,29.37,0.0,Kurukshetra
2025-11-02,28.48,0.0,Kurukshetra
2025-11-03,28.13,0.0,Kurukshetra
2025-11-04,28.57,0.0,Kurukshetra
2025-11-05,28.37,0.54,Kurukshetra
2025-11-06,26.77,0.0,Kurukshetra
2025-11-07,26.85,0.0,Kurukshetra
2025-11-08,26.1,0.0,Kurukshetra
2025-11-09,25.93,0.0,Kurukshetra
2025-11-10,26.05,0.0,Kurukshetra
2025-11-11,26.14,0.0,Kurukshetra
2025-11-12,25.52,0.0,Kurukshetra
2025-11-13,25.85,0.0,Kurukshetra
2025-11-14,25.46,0.0,Kurukshetra
2025-11-15,25.4,0.0,Kurukshetra
2025-11-16,25.4,0.0,Kurukshetra
2025-11-17,25.67,0.0,Kurukshetra
2025-11-18,26.01,0.0,Kurukshetra
2025-11-19,25.18,0.0,Kurukshetra
2025-11-20,25.58,0.0,Kurukshetra
2025-11-21,24.95,0.0,Kurukshetra
2025-11-22,24.55,0.0,Kurukshetra
2025-11-23,24.72,0.0,Kurukshetra
2025-11-24,24.19,0.0,Kurukshetra
2025-11-25,23.48,0.0,Kurukshetra
2025-11-26,25.26,0.0,Kurukshetra
2025-11-27,23.96,0.0,Kurukshetra
2025-11-28,24.68,0.0,Kurukshetra
2025-11-29,24.48,0.0,Kurukshetra
2025-11-30,23.17,0.0,Kurukshetra
2025-12-01,22.38,0.0,Kurukshetra
2025-12-02,23.46,0.0,Kurukshetra
2025-12-03,21.95,0.0,Kurukshetra
2025-12-04,20.11,0.0,Kurukshetra
2025-12-05,21.82,0.0,Kurukshetra
2025-12-06,24.54,0.0,Kurukshetra
2025-12-07,24.29,0.0,Kurukshetra
2025-12-08,25.08,0.0,Kurukshetra
2025-12-09,24.17,0.0,Kurukshetra
2025-12-10,24.23,0.0,Kurukshetra
2025-12-11,23.87,0.0,Kurukshetra
2025-12-12,23.51,0.0,Kurukshetra
2025-12-13,20.08,0.0,Kurukshetra
2025-12-14,23.78,0.0,Kurukshetra
2025-12-15,24.89,0.0,Kurukshetra
2025-12-16,24.15,0.0,Kurukshetra
2025-12-17,24.84,0.0,Kurukshetra
2025-12-18,20.87,0.0,Kurukshetra
2025-12-19,22.39,0.0,Kurukshetra
2025-12-20,21.12,0.0,Kurukshetra
2025-12-21,19.24,0.0,Kurukshetra
2025-12-22,22.24,0.0,Kurukshetra
2025-12-23,25.05,0.0,Kurukshetra
2025-12-24,22.05,0.0,Kurukshetra
2025-12-25,21.9,0.0,Kurukshetra
2025-12-26,20.26,0.0,Kurukshetra
2025-12-27,22.05,0.0,Kurukshetra
2025-12-28,20.26,0.0,Kurukshetra
2025-12-29,21.33,0.0,Kurukshetra
2025-12-30,21.74,0.0,Kurukshetra
2025-12-31,18.28,0.0,Kurukshetra
2026-01-01,17.53,0.97,Kurukshetra
2026-01-02,19.59,0.06,Kurukshetra
2026-01-03,17.68,0.0,Kurukshetra
2026-01-04,19.17,0.0,Kurukshetra
2026-01-05,19.59,0.0,Kurukshetra
2026-01-06,21.38,0.0,Kurukshetra
2026-01-07,18.61,0.0,Kurukshetra
2026-01-08,19.56,0.0,Kurukshetra
2026-01-09,20.04,0.0,Kurukshetra
2026-01-10,20.38,0.0,Kurukshetra
2026-01-11,21.14,0.0,Kurukshetra
2026-01-12,20.0,0.0,Kurukshetra
2026-01-13,20.5,0.0,Kurukshetra
2026-01-14,21.14,0.0,Kurukshetra
2026-01-15,20.87,0.0,Kurukshetra
2026-01-16,22.47,0.0,Kurukshetra
2026-01-17,19.95,0.0,Kurukshetra
2026-01-18,23.7,0.0,Kurukshetra
2026-01-19,25.51,0.0,Kurukshetra
2026-01-20,24.35,0.0,Kurukshetra
2026-01-21,23.13,0.0,Kurukshetra
2026-01-22,24.86,0.04,Kurukshetra
2026-01-23,13.95,27.99,Kurukshetra
2026-01-24,15.37,0.25,Kurukshetra
2026-01-25,20.89,0.0,Kurukshetra
2026-01-26,21.36,0.0,Kurukshetra
2026-01-27,20.38,13.89,Kurukshetra
2026-01-28,20.15,1.25,Kurukshetra
2026-01-29,20.83,0.0,Kurukshetra
2026-01-30,22.8,0.0,Kurukshetra
2026-01-31,22.81,0.03,Kurukshetra
2026-02-01,18.38,1.69,Kurukshetra
2026-02-02,22.52,0.0,Kurukshetra
2026-02-03,22.37,0.0,Kurukshetra
2026-02-04,23.78,0.0,Kurukshetra
2026-02-05,24.98,0.0,Kurukshetra
2026-02-06,24.78,0.0,Kurukshetra
2026-02-07,25.38,0.0,Kurukshetra
2026-02-08,25.48,0.0,Kurukshetra
2026-02-09,25.26,0.0,Kurukshetra
2026-02-10,26.28,0.0,Kurukshetra
2026-02-11,27.41,0.0,Kurukshetra
2026-02-12,26.8,0.0,Kurukshetra
2026-02-13,26.87,0.0,Kurukshetra
2026-02-14,27.44,0.0,Kurukshetra
2026-02-15,28.03,0.0,Kurukshetra
2026-02-16,28.07,0.0,Kurukshetra
2026-02-17,28.92,0.0,Kurukshetra
2026-02-18,27.91,0.0,Kurukshetra
2026-02-19,28.13,0.0,Kurukshetra
2026-02-20,29.62,0.0,Kurukshetra
2026-02-21,28.86,0.0,Kurukshetra
2026-02-22,28.89,0.0,Kurukshetra
2026-02-23,29.14,0.0,Kurukshetra
2026-02-24,30.24,0.0,Kurukshetra
2026-02-25,29.5,0.0,Kurukshetra
2026-02-26,29.89,0.0,Kurukshetra
2026-02-27,30.52,0.0,Kurukshetra
2026-02-28,31.88,0.0,Kurukshetra
